{
  "Use Non-ASCII Font" : false,
  "Tags" : [

  ],
  "Ansi 12 Color" : {
    "Red Component" : 0.45490196078431372,
    "Color Space" : "sRGB",
    "Blue Component" : 0.9882352941176471,
    "Alpha Component" : 1,
    "Green Component" : 0.6588235294117647
  },
  "Ansi 6 Color" : {
    "Red Component" : 0.58039215686274515,
    "Color Space" : "sRGB",
    "Blue Component" : 0.83529411764705885,
    "Alpha Component" : 1,
    "Green Component" : 0.88627450980392153
  },
  "Draw Powerline Glyphs" : true,
  "Bold Color" : {
    "Red Component" : 0.80392156862745101,
    "Color Space" : "sRGB",
    "Blue Component" : 0.95686274509803926,
    "Alpha Component" : 1,
    "Green Component" : 0.83921568627450982
  },
  "Normal Font" : "JetBrainsMonoNF-Medium 18",
  "Ansi 0 Color" : {
    "Red Component" : 0.27058823529411763,
    "Color Space" : "sRGB",
    "Blue Component" : 0.35294117647058826,
    "Alpha Component" : 1,
    "Green Component" : 0.27843137254901962
  },
  "Guid" : "423D25CE-EAB6-45CD-81B2-30F1C9B9F74C",
  "Rows" : 25,
  "Default Bookmark" : "No",
  "Ansi 2 Color" : {
    "Red Component" : 0.65098039215686276,
    "Color Space" : "sRGB",
    "Blue Component" : 0.63137254901960782,
    "Alpha Component" : 1,
    "Green Component" : 0.8901960784313725
  },
  "Cursor Guide Color" : {
    "Red Component" : 0.80392156862745101,
    "Color Space" : "sRGB",
    "Blue Component" : 0.95686274509803926,
    "Alpha Component" : 0.070000000000000007,
    "Green Component" : 0.83921568627450982
  },
  "Non-ASCII Anti Aliased" : true,
  "Use Bright Bold" : true,
  "Ansi 10 Color" : {
    "Red Component" : 0.53725490196078429,
    "Color Space" : "sRGB",
    "Blue Component" : 0.54509803921568623,
    "Alpha Component" : 1,
    "Green Component" : 0.84705882352941175
  },
  "Icon" : 1,
  "Ambiguous Double Width" : false,
  "Jobs to Ignore" : [
    "rlogin",
    "ssh",
    "slogin",
    "telnet"
  ],
  "Show Status Bar" : false,
  "Ansi 15 Color" : {
    "Red Component" : 0.72941176470588232,
    "Color Space" : "sRGB",
    "Blue Component" : 0.87058823529411766,
    "Alpha Component" : 1,
    "Green Component" : 0.76078431372549016
  },
  "Foreground Color" : {
    "Red Component" : 0.80392156862745101,
    "Color Space" : "sRGB",
    "Blue Component" : 0.95686274509803926,
    "Alpha Component" : 1,
    "Green Component" : 0.83921568627450982
  },
  "Working Directory" : "\/Users\/ypeng",
  "Blinking Cursor" : false,
  "Disable Window Resizing" : false,
  "Sync Title" : false,
  "Prompt Before Closing 2" : false,
  "BM Growl" : true,
  "Command" : "",
  "Description" : "Default",
  "Mouse Reporting" : true,
  "Screen" : -1,
  "Selection Color" : {
    "Red Component" : 0.34509803921568627,
    "Color Space" : "sRGB",
    "Blue Component" : 0.4392156862745098,
    "Alpha Component" : 1,
    "Green Component" : 0.35686274509803922
  },
  "Only The Default BG Color Uses Transparency" : true,
  "Columns" : 80,
  "Idle Code" : 0,
  "Ansi 13 Color" : {
    "Red Component" : 0.94901960784313721,
    "Color Space" : "sRGB",
    "Blue Component" : 0.87058823529411766,
    "Alpha Component" : 1,
    "Green Component" : 0.68235294117647061
  },
  "Custom Command" : "No",
  "ASCII Anti Aliased" : true,
  "Non Ascii Font" : "Monaco 12",
  "Vertical Spacing" : 1,
  "Use Bold Font" : true,
  "Option Key Sends" : 0,
  "Selected Text Color" : {
    "Red Component" : 0.80392156862745101,
    "Color Space" : "sRGB",
    "Blue Component" : 0.95686274509803926,
    "Alpha Component" : 1,
    "Green Component" : 0.83921568627450982
  },
  "Background Color" : {
    "Red Component" : 0.11764705882352941,
    "Color Space" : "sRGB",
    "Blue Component" : 0.1803921568627451,
    "Alpha Component" : 1,
    "Green Component" : 0.11764705882352941
  },
  "Character Encoding" : 4,
  "Ansi 11 Color" : {
    "Red Component" : 0.92156862745098034,
    "Color Space" : "sRGB",
    "Blue Component" : 0.56862745098039214,
    "Alpha Component" : 1,
    "Green Component" : 0.82745098039215681
  },
  "Use Italic Font" : true,
  "Unlimited Scrollback" : false,
  "Keyboard Map" : {

  },
  "Window Type" : 0,
  "Background Image Location" : "",
  "Blur" : false,
  "Badge Color" : {
    "Red Component" : 0.92929404973983765,
    "Color Space" : "P3",
    "Blue Component" : 0.13960540294647217,
    "Alpha Component" : 0.5,
    "Green Component" : 0.25479039549827576
  },
  "Initial Text" : "",
  "Scrollback Lines" : 1000,
  "Send Code When Idle" : false,
  "Close Sessions On End" : true,
  "Terminal Type" : "xterm-256color",
  "Visual Bell" : true,
  "Flashing Bell" : false,
  "Status Bar Layout" : {
    "components" : [

    ],
    "advanced configuration" : {
      "remove empty components" : false,
      "font" : ".AppleSystemUIFont 12",
      "algorithm" : 0,
      "auto-rainbow style" : 0
    }
  },
  "Silence Bell" : false,
  "Ansi 14 Color" : {
    "Red Component" : 0.41960784313725491,
    "Color Space" : "sRGB",
    "Blue Component" : 0.792156862745098,
    "Alpha Component" : 1,
    "Green Component" : 0.84313725490196079
  },
  "Name" : "Default",
  "Cursor Text Color" : {
    "Red Component" : 0.80392156862745101,
    "Color Space" : "sRGB",
    "Blue Component" : 0.95686274509803926,
    "Alpha Component" : 1,
    "Green Component" : 0.83921568627450982
  },
  "Minimum Contrast" : 0,
  "Shortcut" : "",
  "Match Background Color" : {
    "Red Component" : 1,
    "Color Space" : "P3",
    "Blue Component" : 0,
    "Alpha Component" : 1,
    "Green Component" : 1
  },
  "Cursor Color" : {
    "Red Component" : 0.96078431372549022,
    "Color Space" : "sRGB",
    "Blue Component" : 0.86274509803921573,
    "Alpha Component" : 1,
    "Green Component" : 0.8784313725490196
  },
  "Transparency" : 0.10000000000000001,
  "Ansi 1 Color" : {
    "Red Component" : 0.95294117647058818,
    "Color Space" : "sRGB",
    "Blue Component" : 0.6588235294117647,
    "Alpha Component" : 1,
    "Green Component" : 0.54509803921568623
  },
  "Custom Directory" : "No",
  "Link Color" : {
    "Red Component" : 0.53725490196078429,
    "Color Space" : "sRGB",
    "Blue Component" : 0.92156862745098034,
    "Alpha Component" : 1,
    "Green Component" : 0.86274509803921573
  },
  "Horizontal Spacing" : 1,
  "Right Option Key Sends" : 0,
  "Ansi 3 Color" : {
    "Red Component" : 0.97647058823529409,
    "Color Space" : "sRGB",
    "Blue Component" : 0.68627450980392157,
    "Alpha Component" : 1,
    "Green Component" : 0.88627450980392153
  },
  "Ansi 7 Color" : {
    "Red Component" : 0.65098039215686276,
    "Color Space" : "sRGB",
    "Blue Component" : 0.78431372549019607,
    "Alpha Component" : 1,
    "Green Component" : 0.67843137254901964
  },
  "Ansi 8 Color" : {
    "Red Component" : 0.34509803921568627,
    "Color Space" : "sRGB",
    "Blue Component" : 0.4392156862745098,
    "Alpha Component" : 1,
    "Green Component" : 0.35686274509803922
  },
  "Ansi 9 Color" : {
    "Red Component" : 0.95294117647058818,
    "Color Space" : "sRGB",
    "Blue Component" : 0.59999999999999998,
    "Alpha Component" : 1,
    "Green Component" : 0.46666666666666667
  },
  "Ansi 4 Color" : {
    "Red Component" : 0.53725490196078429,
    "Color Space" : "sRGB",
    "Blue Component" : 0.98039215686274506,
    "Alpha Component" : 1,
    "Green Component" : 0.70588235294117652
  },
  "Ansi 5 Color" : {
    "Red Component" : 0.96078431372549022,
    "Color Space" : "sRGB",
    "Blue Component" : 0.90588235294117647,
    "Alpha Component" : 1,
    "Green Component" : 0.76078431372549016
  }
}